idx,id,url
59,sINOePVcD3I,https://www.youtube.com/watch?v=sINOePVcD3I
6,H-trFS60Ku4,https://www.youtube.com/watch?v=H-trFS60Ku4
13,hvYEFh3em3Q,https://www.youtube.com/watch?v=hvYEFh3em3Q
38,s3HfT4yI76A,https://www.youtube.com/watch?v=s3HfT4yI76A
96,DKnAb8bIUcY,https://www.youtube.com/watch?v=DKnAb8bIUcY
125,_SNUm2EqXOs,https://www.youtube.com/watch?v=_SNUm2EqXOs
175,HEVJmfvKnwE,https://www.youtube.com/watch?v=HEVJmfvKnwE
267,qSmFYbsQRio,https://www.youtube.com/watch?v=qSmFYbsQRio
268,tF7pmUmyzTk,https://www.youtube.com/watch?v=tF7pmUmyzTk
308,y7uR2oBopiI,https://www.youtube.com/watch?v=y7uR2oBopiI
337,_D-Pp0V_z-Q,https://www.youtube.com/watch?v=_D-Pp0V_z-Q
401,TankFrHtQiM,https://www.youtube.com/watch?v=TankFrHtQiM
3848,VWIM33gm-FE,https://www.youtube.com/watch?v=VWIM33gm-FE
3842,LYCHHYFS3gA,https://www.youtube.com/watch?v=LYCHHYFS3gA
3820,HJlQ_jpPOJ0,https://www.youtube.com/watch?v=HJlQ_jpPOJ0
3817,SjZiSqKYxx8,https://www.youtube.com/watch?v=SjZiSqKYxx8
3815,gx375QamTLE,https://www.youtube.com/watch?v=gx375QamTLE
3805,DIP9kINN_ao,https://www.youtube.com/watch?v=DIP9kINN_ao
3794,aDnqjmH9tso,https://www.youtube.com/watch?v=aDnqjmH9tso
3791,qpb_tJN1wxs,https://www.youtube.com/watch?v=qpb_tJN1wxs
3787,w7uOACkLl8s,https://www.youtube.com/watch?v=w7uOACkLl8s
3773,wU0PIeviKj0,https://www.youtube.com/watch?v=wU0PIeviKj0
3764,N13PX3UFpjM,https://www.youtube.com/watch?v=N13PX3UFpjM
3747,YXD2LHJEkXM,https://www.youtube.com/watch?v=YXD2LHJEkXM
3745,mtDsZVv9FLo,https://www.youtube.com/watch?v=mtDsZVv9FLo
3737,VLdW0QA6hjw,https://www.youtube.com/watch?v=VLdW0QA6hjw
3726,sPdOr8OiNio,https://www.youtube.com/watch?v=sPdOr8OiNio
3723,aEXvumwO5ak,https://www.youtube.com/watch?v=aEXvumwO5ak
3709,K38hGim-3qA,https://www.youtube.com/watch?v=K38hGim-3qA
3705,F_b4HOXs8ew,https://www.youtube.com/watch?v=F_b4HOXs8ew
3704,5xvGkDLjJkA,https://www.youtube.com/watch?v=5xvGkDLjJkA
3691,nAWCfNVWAKw,https://www.youtube.com/watch?v=nAWCfNVWAKw
3690,kDRG7CsVFyg,https://www.youtube.com/watch?v=kDRG7CsVFyg
3606,JAnbZOcrz7g,https://www.youtube.com/watch?v=JAnbZOcrz7g
3604,fMbTmxF6zDA,https://www.youtube.com/watch?v=fMbTmxF6zDA
3598,Y1qSA1Y8wT4,https://www.youtube.com/watch?v=Y1qSA1Y8wT4
3576,2GbFi1dzVUw,https://www.youtube.com/watch?v=2GbFi1dzVUw
3548,7IF65zWDkjU,https://www.youtube.com/watch?v=7IF65zWDkjU
3504,H9Uhj7muGmg,https://www.youtube.com/watch?v=H9Uhj7muGmg
3488,u0q4XMzuzV4,https://www.youtube.com/watch?v=u0q4XMzuzV4
3461,d5yvLdOYgfg,https://www.youtube.com/watch?v=d5yvLdOYgfg
3452,gAtjJHmM1is,https://www.youtube.com/watch?v=gAtjJHmM1is
3445,LSZz7yczwOE,https://www.youtube.com/watch?v=LSZz7yczwOE
884,uMT9Zzvqx9M,https://www.youtube.com/watch?v=uMT9Zzvqx9M
3423,gpNlfYDS-oE,https://www.youtube.com/watch?v=gpNlfYDS-oE
3402,bTpoerLeJXs,https://www.youtube.com/watch?v=bTpoerLeJXs
3377,nQ8clLFRTz8,https://www.youtube.com/watch?v=nQ8clLFRTz8
3360,pzgX7rWCoFY,https://www.youtube.com/watch?v=pzgX7rWCoFY
3348,Xa7t1OWxFl4,https://www.youtube.com/watch?v=Xa7t1OWxFl4
989,vkVB5-BJEls,https://www.youtube.com/watch?v=vkVB5-BJEls
3330,ljMrI9WaVhw,https://www.youtube.com/watch?v=ljMrI9WaVhw
3305,vTm_8gOeBB8,https://www.youtube.com/watch?v=vTm_8gOeBB8
3302,dOA9oFtowB0,https://www.youtube.com/watch?v=dOA9oFtowB0
3299,M0ESWNKFnXE,https://www.youtube.com/watch?v=M0ESWNKFnXE
3298,hIAsSAgTRb4,https://www.youtube.com/watch?v=hIAsSAgTRb4
3255,X6iaXBYGA50,https://www.youtube.com/watch?v=X6iaXBYGA50
3239,AkqPA2v-ALE,https://www.youtube.com/watch?v=AkqPA2v-ALE
3238,xYJ9YPddRYg,https://www.youtube.com/watch?v=xYJ9YPddRYg
1057,JVy-RRIfQiM,https://www.youtube.com/watch?v=JVy-RRIfQiM
3212,-rr162z7gTg,https://www.youtube.com/watch?v=-rr162z7gTg
3205,uSZaU0Eavss,https://www.youtube.com/watch?v=uSZaU0Eavss
3204,B_0swS5G3DU,https://www.youtube.com/watch?v=B_0swS5G3DU
3190,GGLxAJB7NqY,https://www.youtube.com/watch?v=GGLxAJB7NqY
1080,TdyV71N0_Ko,https://www.youtube.com/watch?v=TdyV71N0_Ko
3129,MH7BgSHVc-Y,https://www.youtube.com/watch?v=MH7BgSHVc-Y
1093,Tbb9yg_h9PU,https://www.youtube.com/watch?v=Tbb9yg_h9PU
1106,2m5uyamZblw,https://www.youtube.com/watch?v=2m5uyamZblw
1130,D08cUN9xwo4,https://www.youtube.com/watch?v=D08cUN9xwo4
1139,sjIzXX64L-c,https://www.youtube.com/watch?v=sjIzXX64L-c
3052,yVisbHOBDUY,https://www.youtube.com/watch?v=yVisbHOBDUY
3019,wnGFruyP8is,https://www.youtube.com/watch?v=wnGFruyP8is
3015,MR3jK-hisb4,https://www.youtube.com/watch?v=MR3jK-hisb4
1190,PKTV4WMXzMw,https://www.youtube.com/watch?v=PKTV4WMXzMw
1222,_YWrXMeOOeY,https://www.youtube.com/watch?v=_YWrXMeOOeY
1245,iXIUM3IIE9w,https://www.youtube.com/watch?v=iXIUM3IIE9w
1273,vgA9upjw3uE,https://www.youtube.com/watch?v=vgA9upjw3uE
1274,5SKLs6VdzW4,https://www.youtube.com/watch?v=5SKLs6VdzW4
1280,STEvGa20_5A,https://www.youtube.com/watch?v=STEvGa20_5A
2967,T12v9QTVwQQ,https://www.youtube.com/watch?v=T12v9QTVwQQ
1314,osWIsRnTYLw,https://www.youtube.com/watch?v=osWIsRnTYLw
1318,3vv-p6CTiZI,https://www.youtube.com/watch?v=3vv-p6CTiZI
1321,ErSbsMF5Hho,https://www.youtube.com/watch?v=ErSbsMF5Hho
1328,7pW5MEwSvII,https://www.youtube.com/watch?v=7pW5MEwSvII
1340,jkddx6YJM94,https://www.youtube.com/watch?v=jkddx6YJM94
2933,_Ov_qROYyMY,https://www.youtube.com/watch?v=_Ov_qROYyMY
2931,_ssxVfx_W3E,https://www.youtube.com/watch?v=_ssxVfx_W3E
2923,Asv5mrxv0Ig,https://www.youtube.com/watch?v=Asv5mrxv0Ig
1371,fYCevT0dBac,https://www.youtube.com/watch?v=fYCevT0dBac
2876,rHlQ6Ea9oWw,https://www.youtube.com/watch?v=rHlQ6Ea9oWw
1405,-dYHC-mo0R4,https://www.youtube.com/watch?v=-dYHC-mo0R4
1408,kcxCSeQjhZk,https://www.youtube.com/watch?v=kcxCSeQjhZk
1410,60z99pSFgUw,https://www.youtube.com/watch?v=60z99pSFgUw
2868,Cs-zHOB2Elc,https://www.youtube.com/watch?v=Cs-zHOB2Elc
2853,5QumHUBdHlw,https://www.youtube.com/watch?v=5QumHUBdHlw
1420,e_2qVcyWQNE,https://www.youtube.com/watch?v=e_2qVcyWQNE
1436,5ZfWprfbkpk,https://www.youtube.com/watch?v=5ZfWprfbkpk
1452,ky7WlJX-pHw,https://www.youtube.com/watch?v=ky7WlJX-pHw
1463,qZWfBmveB78,https://www.youtube.com/watch?v=qZWfBmveB78
1472,Kxesc1pLz34,https://www.youtube.com/watch?v=Kxesc1pLz34
1485,g5U9K1ZqVyo,https://www.youtube.com/watch?v=g5U9K1ZqVyo
2818,X3V1ZrTpcAY,https://www.youtube.com/watch?v=X3V1ZrTpcAY
2783,f6WtYDFbpig,https://www.youtube.com/watch?v=f6WtYDFbpig
1501,_8WQkKnoCjw,https://www.youtube.com/watch?v=_8WQkKnoCjw
1524,Ubldzu5OsyE,https://www.youtube.com/watch?v=Ubldzu5OsyE
1527,Fr7RkcHGxtk,https://www.youtube.com/watch?v=Fr7RkcHGxtk
1529,jCTtCifMGvg,https://www.youtube.com/watch?v=jCTtCifMGvg
1534,h7UrBZVX3Do,https://www.youtube.com/watch?v=h7UrBZVX3Do
1538,goSi-hoZPwM,https://www.youtube.com/watch?v=goSi-hoZPwM
2774,7oPcu-6Tt5g,https://www.youtube.com/watch?v=7oPcu-6Tt5g
1547,3Rhuxt4kW80,https://www.youtube.com/watch?v=3Rhuxt4kW80
1549,lF1Cnb_VZ2g,https://www.youtube.com/watch?v=lF1Cnb_VZ2g
2734,L5yVvcqEmbk,https://www.youtube.com/watch?v=L5yVvcqEmbk
2729,8Dya8j2lV3k,https://www.youtube.com/watch?v=8Dya8j2lV3k
2720,dkuM-RAzPpE,https://www.youtube.com/watch?v=dkuM-RAzPpE
2716,M29Wt1OskYI,https://www.youtube.com/watch?v=M29Wt1OskYI
2710,FiqfxOfVkqQ,https://www.youtube.com/watch?v=FiqfxOfVkqQ
1558,uWaFig4yTmA,https://www.youtube.com/watch?v=uWaFig4yTmA
1568,3HAktzqpZqw,https://www.youtube.com/watch?v=3HAktzqpZqw
1571,5Kl6H4x3uUw,https://www.youtube.com/watch?v=5Kl6H4x3uUw
1576,Zb7W6amXtSw,https://www.youtube.com/watch?v=Zb7W6amXtSw
1587,6nZwa1qLvLs,https://www.youtube.com/watch?v=6nZwa1qLvLs
1593,LXMl6uo_LcI,https://www.youtube.com/watch?v=LXMl6uo_LcI
1608,JbfUuvjcOtQ,https://www.youtube.com/watch?v=JbfUuvjcOtQ
2689,I2RQjvF7KXQ,https://www.youtube.com/watch?v=I2RQjvF7KXQ
2686,jai7WhaMIeE,https://www.youtube.com/watch?v=jai7WhaMIeE
2684,5nOATly3j9U,https://www.youtube.com/watch?v=5nOATly3j9U
1639,NB0GrObuR4Q,https://www.youtube.com/watch?v=NB0GrObuR4Q
1644,A3LyWHLja_A,https://www.youtube.com/watch?v=A3LyWHLja_A
1646,qbSK6H6knqM,https://www.youtube.com/watch?v=qbSK6H6knqM
1647,PtMAiV-eNMo,https://www.youtube.com/watch?v=PtMAiV-eNMo
1648,ikGTzWPo8C0,https://www.youtube.com/watch?v=ikGTzWPo8C0
1651,LLA0UKy_LeI,https://www.youtube.com/watch?v=LLA0UKy_LeI
1661,pEIKhumrIOs,https://www.youtube.com/watch?v=pEIKhumrIOs
2679,XUsTlT9H-Hs,https://www.youtube.com/watch?v=XUsTlT9H-Hs
1680,8NmK7wnUsio,https://www.youtube.com/watch?v=8NmK7wnUsio
1685,iMi-49Olt20,https://www.youtube.com/watch?v=iMi-49Olt20
1692,9WiID7YwFVc,https://www.youtube.com/watch?v=9WiID7YwFVc
1705,-Pugx5N7p1I,https://www.youtube.com/watch?v=-Pugx5N7p1I
1709,n3rtIwvC4nU,https://www.youtube.com/watch?v=n3rtIwvC4nU
1710,vlgzy4q1JT0,https://www.youtube.com/watch?v=vlgzy4q1JT0
2668,RhLVQ9Dyhf0,https://www.youtube.com/watch?v=RhLVQ9Dyhf0
2659,9B1DQg59YNM,https://www.youtube.com/watch?v=9B1DQg59YNM
1721,PUsuT-K-pKo,https://www.youtube.com/watch?v=PUsuT-K-pKo
2621,7FZu-gYxYv4,https://www.youtube.com/watch?v=7FZu-gYxYv4
2620,kK_RWPLlMFY,https://www.youtube.com/watch?v=kK_RWPLlMFY
2612,Ua4m-kR5OY0,https://www.youtube.com/watch?v=Ua4m-kR5OY0
2605,4HhLNO5nEIY,https://www.youtube.com/watch?v=4HhLNO5nEIY
1815,vc640AzMJbU,https://www.youtube.com/watch?v=vc640AzMJbU
2592,LydOcPRovl4,https://www.youtube.com/watch?v=LydOcPRovl4
2585,ty8_EATajzs,https://www.youtube.com/watch?v=ty8_EATajzs
2565,PAshNMN4dZU,https://www.youtube.com/watch?v=PAshNMN4dZU
2550,Vy8mfEssb7M,https://www.youtube.com/watch?v=Vy8mfEssb7M
1862,cIhv1l8JuXg,https://www.youtube.com/watch?v=cIhv1l8JuXg
1877,Xbc7c0w3_Vs,https://www.youtube.com/watch?v=Xbc7c0w3_Vs
1878,VlB3K6o5BQo,https://www.youtube.com/watch?v=VlB3K6o5BQo
1881,yrGhaJ6jqJk,https://www.youtube.com/watch?v=yrGhaJ6jqJk
2516,m6ooV8YN4wU,https://www.youtube.com/watch?v=m6ooV8YN4wU
2509,DEU6Lx49Wic,https://www.youtube.com/watch?v=DEU6Lx49Wic
2502,huLmRd_tn4U,https://www.youtube.com/watch?v=huLmRd_tn4U
2493,K_8Zsx03lNk,https://www.youtube.com/watch?v=K_8Zsx03lNk
2467,QKo5PqJ9H50,https://www.youtube.com/watch?v=QKo5PqJ9H50
1947,EXzVJvR4Ui4,https://www.youtube.com/watch?v=EXzVJvR4Ui4
2461,_GhQ99sOMOE,https://www.youtube.com/watch?v=_GhQ99sOMOE
2448,gDlgBLwdI9g,https://www.youtube.com/watch?v=gDlgBLwdI9g
2439,RS_dF4aCjrc,https://www.youtube.com/watch?v=RS_dF4aCjrc
2436,IN89qvF4NIo,https://www.youtube.com/watch?v=IN89qvF4NIo
1972,Y54sBoT4UbI,https://www.youtube.com/watch?v=Y54sBoT4UbI
2415,uVO6dikP4N0,https://www.youtube.com/watch?v=uVO6dikP4N0
1998,q2glDkfDUiM,https://www.youtube.com/watch?v=q2glDkfDUiM
2409,c_SyveOuGMA,https://www.youtube.com/watch?v=c_SyveOuGMA
2404,BIgVJGj25DU,https://www.youtube.com/watch?v=BIgVJGj25DU
2396,ZHfzcBy52Hw,https://www.youtube.com/watch?v=ZHfzcBy52Hw
2395,jOfcpsXpFgA,https://www.youtube.com/watch?v=jOfcpsXpFgA
2026,tR8T03iHeqs,https://www.youtube.com/watch?v=tR8T03iHeqs
2033,heiu0JZ3JdU,https://www.youtube.com/watch?v=heiu0JZ3JdU
2044,Cjre0lLNfVY,https://www.youtube.com/watch?v=Cjre0lLNfVY
2381,pA8L4H7MnLw,https://www.youtube.com/watch?v=pA8L4H7MnLw
2378,mAv0SkpJdRA,https://www.youtube.com/watch?v=mAv0SkpJdRA
2367,mU9MIGf3GiY,https://www.youtube.com/watch?v=mU9MIGf3GiY
2361,ZGY2ASJ2NSM,https://www.youtube.com/watch?v=ZGY2ASJ2NSM
2354,OxZBvKr-3x8,https://www.youtube.com/watch?v=OxZBvKr-3x8
2346,iHrP06tUQu8,https://www.youtube.com/watch?v=iHrP06tUQu8
2343,rIvc3LAek7w,https://www.youtube.com/watch?v=rIvc3LAek7w
2342,3Jvimhr_-wA,https://www.youtube.com/watch?v=3Jvimhr_-wA
2329,xlL0EXt2jNA,https://www.youtube.com/watch?v=xlL0EXt2jNA
2319,aZqhHKB-mKc,https://www.youtube.com/watch?v=aZqhHKB-mKc
2318,m11PixK4G90,https://www.youtube.com/watch?v=m11PixK4G90
2301,VXkJaNQTJn0,https://www.youtube.com/watch?v=VXkJaNQTJn0
2300,ndyMstnfZxg,https://www.youtube.com/watch?v=ndyMstnfZxg
2294,tw1lO0MXPzg,https://www.youtube.com/watch?v=tw1lO0MXPzg
2054,PF3NjFObmGk,https://www.youtube.com/watch?v=PF3NjFObmGk
2056,3FeVs-O70qo,https://www.youtube.com/watch?v=3FeVs-O70qo
2061,U-ZtDd-GC84,https://www.youtube.com/watch?v=U-ZtDd-GC84
2069,bAOm5KBlcS0,https://www.youtube.com/watch?v=bAOm5KBlcS0
2102,VFaz16wrEL4,https://www.youtube.com/watch?v=VFaz16wrEL4
2249,VMNVb_z02j0,https://www.youtube.com/watch?v=VMNVb_z02j0
2241,U92X90sFdMs,https://www.youtube.com/watch?v=U92X90sFdMs
2231,9NILSBpvQB4,https://www.youtube.com/watch?v=9NILSBpvQB4
2133,_6mL4ll-L3I,https://www.youtube.com/watch?v=_6mL4ll-L3I
2166,vU8CyIcytX8,https://www.youtube.com/watch?v=vU8CyIcytX8
2211,2CONA2PNi8E,https://www.youtube.com/watch?v=2CONA2PNi8E
2201,gIGHIL4LjlA,https://www.youtube.com/watch?v=gIGHIL4LjlA
2199,S-hy-AnpYRg,https://www.youtube.com/watch?v=S-hy-AnpYRg
2194,u8lul9X1nsE,https://www.youtube.com/watch?v=u8lul9X1nsE
2181,3pVlRE70K9g,https://www.youtube.com/watch?v=3pVlRE70K9g
